<botcomponent_dvtablesearchset>
  <botcomponent_dvtablesearch botcomponentid.schemaname="cr4f0_bot686100.topic.LeaveManagement_WKjRe2AmEmGltP0UpR2JN" dvtablesearchid.dvtablesearchid="d5a0778a-80e4-4aa5-9305-62ca58d91a04">
    <iscustomizable>1</iscustomizable>
  </botcomponent_dvtablesearch>
  <botcomponent_dvtablesearch botcomponentid.schemaname="cr4f0_bot686100.topic.LeaveManagement_zsmYQTW2D0PadIEs3ceW4" dvtablesearchid.dvtablesearchid="618e8f7d-5061-4385-99a7-fb108173b87b">
    <iscustomizable>1</iscustomizable>
  </botcomponent_dvtablesearch>
</botcomponent_dvtablesearchset>