<msdyn_planartifact msdyn_planartifactid="c100a676-7ac3-f011-bbd2-6045bd08b919">
  <iscustomizable>1</iscustomizable>
  <msdyn_artifactmetadataschemaversion>1.0</msdyn_artifactmetadataschemaversion>
  <msdyn_artifactstatus>419550000</msdyn_artifactstatus>
  <msdyn_description>AI chatbot on the manager dashboard answering leave-related questions, supporting informed approvals for managers.</msdyn_description>
  <msdyn_name>Manager Leave Assistant</msdyn_name>
  <msdyn_proposal mimetype="application/octet-stream">content</msdyn_proposal>
  <msdyn_proposalschemaversion>1.0</msdyn_proposalschemaversion>
  <msdyn_type>CopilotStudioAgent</msdyn_type>
  <statecode>0</statecode>
  <statuscode>1</statuscode>
</msdyn_planartifact>