<botcomponent schemaname="cr4f0_bot686100.topic.LeaveManagement_WKjRe2AmEmGltP0UpR2JN">
  <componenttype>16</componenttype>
  <description>This knowledge source answers questions found in the following Dataverse items: LeaveManagement</description>
  <iscustomizable>0</iscustomizable>
  <name>LeaveManagement</name>
  <parentbotcomponentid>
    <schemaname>cr4f0_bot686100.agent.Agent</schemaname>
  </parentbotcomponentid>
  <parentbotid>
    <schemaname>cr4f0_bot686100</schemaname>
  </parentbotid>
  <statecode>0</statecode>
  <statuscode>1</statuscode>
</botcomponent>