<bot schemaname="cr4f0_bot686100">
  <authenticationmode>2</authenticationmode>
  <authenticationtrigger>1</authenticationtrigger>
  <iscustomizable>0</iscustomizable>
  <language>1033</language>
  <name>Copilot in Power Apps - EY Leave Manage...</name>
  <runtimeprovider>0</runtimeprovider>
  <synchronizationstatus>{"lastFinishedPublishOperation":null,"contentVersion":2,"$kind":"BotSynchronizationDetails","currentSynchronizationState":{"$kind":"SynchronizationState","provisioningStatus":"Provisioned","state":"Synchronizing"},"lastSynchronizedOnUtc":"2025-11-19T13:29:39.6774852Z"}</synchronizationstatus>
  <template>empty-1.0.0</template>
</bot>