{
  "$kind": "BotConfiguration",
  "settings": {
    "GenerativeActionsEnabled": true
  },
  "publishOnCreate": false,
  "gPTSettings": {
    "$kind": "GPTSettings",
    "defaultSchemaName": "cr4f0_bot686100.gpt.default"
  },
  "isLightweightBot": true,
  "aISettings": {
    "$kind": "AISettings",
    "useModelKnowledge": false,
    "isFileAnalysisEnabled": false,
    "isSemanticSearchEnabled": false,
    "contentModeration": "High",
    "optInUseLatestModels": false
  },
  "recognizer": {
    "$kind": "GenerativeAIRecognizer"
  }
}