<msdyn_planartifact msdyn_planartifactid="b400a676-7ac3-f011-bbd2-6045bd08b919">
  <iscustomizable>1</iscustomizable>
  <msdyn_artifactmetadataschemaversion>1.0</msdyn_artifactmetadataschemaversion>
  <msdyn_artifactstatus>419550000</msdyn_artifactstatus>
  <msdyn_description>A model-driven EY-themed app for employees to view, apply, track leave, and for managers to approve or reject requests via dashboards.</msdyn_description>
  <msdyn_name>Employee Leave Portal</msdyn_name>
  <msdyn_proposal mimetype="application/octet-stream">content</msdyn_proposal>
  <msdyn_proposalschemaversion>1.0</msdyn_proposalschemaversion>
  <msdyn_type>PowerAppsModelApp</msdyn_type>
  <statecode>0</statecode>
  <statuscode>1</statuscode>
</msdyn_planartifact>