<msdyn_plan msdyn_planid="1054ff6f-7ac3-f011-bbd2-6045bd08b919">
  <iscustomizable>1</iscustomizable>
  <msdyn_content mimetype="application/octet-stream">content</msdyn_content>
  <msdyn_contentschemaversion>1.1</msdyn_contentschemaversion>
  <msdyn_description>The app streamlines leave requests and approvals for EY staff, with dashboards, automation, and an AI chatbot to support managers and employees.</msdyn_description>
  <msdyn_languagecode>1033</msdyn_languagecode>
  <msdyn_name>EY Leave Management</msdyn_name>
  <msdyn_prompt>create a leave management app using EY theme, app should include 

1) User dashboard where user can see their leaves and apply leaves. Once user applies leave create a approval process where user manager can apporve/ reject leaves
2) Types of leaves should be Sick, Casual, vacation, Maternity.
3) App should include Manager dashboard from where manager can approve/ reject leaves. 
4) Create AI chatbot in manager dashboard where manager can ask leave related questions.
5) Create an agent where employee can upload medical certificate and leave would automatically created</msdyn_prompt>
  <statecode>0</statecode>
  <statuscode>1</statuscode>
</msdyn_plan>