{
  "properties": {
    "connectionReferences": {
      "shared_commondataserviceforapps": {
        "runtimeSource": "embedded",
        "connection": {
          "connectionReferenceLogicalName": "ey_sharedcommondataserviceforapps_6d3a2"
        },
        "api": {
          "name": "shared_commondataserviceforapps"
        }
      },
      "shared_sharepointonline": {
        "runtimeSource": "embedded",
        "connection": {
          "connectionReferenceLogicalName": "new_sharedsharepointonline_39e14"
        },
        "api": {
          "name": "shared_sharepointonline"
        }
      }
    },
    "definition": {
      "$schema": "https://schema.management.azure.com/providers/Microsoft.Logic/schemas/2016-06-01/workflowdefinition.json#",
      "contentVersion": "1.0.0.0",
      "parameters": {
        "$connections": {
          "defaultValue": {},
          "type": "Object"
        },
        "$authentication": {
          "defaultValue": {},
          "type": "SecureObject"
        }
      },
      "triggers": {
        "When_a_row_is_added,_modified_or_deleted": {
          "metadata": {
            "operationMetadataId": "669a6306-d05e-4a53-8b1e-82090a33a5f4"
          },
          "type": "OpenApiConnectionWebhook",
          "inputs": {
            "host": {
              "connectionName": "shared_commondataserviceforapps",
              "operationId": "SubscribeWebhookTrigger",
              "apiId": "/providers/Microsoft.PowerApps/apis/shared_commondataserviceforapps"
            },
            "parameters": {
              "subscriptionRequest/message": 3,
              "subscriptionRequest/entityname": "cr4f0_deployment",
              "subscriptionRequest/scope": 4,
              "subscriptionRequest/filteringattributes": "statuscode",
              "subscriptionRequest/filterexpression": "statuscode eq 810760001"
            },
            "authentication": "@parameters('$authentication')"
          }
        }
      },
      "actions": {
        "Condition": {
          "actions": {
            "Perform_an_unbound_action": {
              "runAfter": {},
              "metadata": {
                "operationMetadataId": "6be9bfa1-b12e-4605-9bed-bd2dcc7b233a"
              },
              "type": "OpenApiConnection",
              "inputs": {
                "host": {
                  "connectionName": "shared_commondataserviceforapps",
                  "operationId": "PerformUnboundAction",
                  "apiId": "/providers/Microsoft.PowerApps/apis/shared_commondataserviceforapps"
                },
                "parameters": {
                  "actionName": "ExportSolution",
                  "item/SolutionName": "@triggerOutputs()?['body/cr4f0_solutionname']",
                  "item/Managed": true,
                  "item/ExportAutoNumberingSettings": false,
                  "item/ExportCalendarSettings": false,
                  "item/ExportCustomizationSettings": false,
                  "item/ExportEmailTrackingSettings": false,
                  "item/ExportGeneralSettings": false,
                  "item/ExportMarketingSettings": false,
                  "item/ExportOutlookSynchronizationSettings": false,
                  "item/ExportRelationshipRoles": false,
                  "item/ExportIsvConfig": false,
                  "item/ExportSales": false,
                  "item/ExportExternalApplications": false
                },
                "authentication": "@parameters('$authentication')"
              }
            },
            "Create_file": {
              "runAfter": {
                "Perform_an_unbound_action": [
                  "Succeeded"
                ]
              },
              "metadata": {
                "operationMetadataId": "bb486e54-10d2-4049-83bd-026a1c90337d"
              },
              "type": "OpenApiConnection",
              "inputs": {
                "host": {
                  "connectionName": "shared_sharepointonline",
                  "operationId": "CreateFile",
                  "apiId": "/providers/Microsoft.PowerApps/apis/shared_sharepointonline"
                },
                "parameters": {
                  "dataset": "https://crm880240.sharepoint.com",
                  "folderPath": "/CRM Solutions",
                  "name": "@concat(triggerOutputs()?['body/cr4f0_solutionname'],'.zip')",
                  "body": "@base64ToBinary( Body('Perform_an_unbound_action')?['ExportSolutionFile'])"
                },
                "authentication": "@parameters('$authentication')"
              },
              "runtimeConfiguration": {
                "contentTransfer": {
                  "transferMode": "Chunked"
                }
              }
            },
            "Perform_an_unbound_action_in_selected_environment": {
              "runAfter": {
                "HTTP": [
                  "Succeeded"
                ]
              },
              "metadata": {
                "operationMetadataId": "9145b251-30bb-426f-8151-d9be1c1c6412"
              },
              "type": "OpenApiConnection",
              "inputs": {
                "host": {
                  "connectionName": "shared_commondataserviceforapps",
                  "operationId": "PerformUnboundActionWithOrganization",
                  "apiId": "/providers/Microsoft.PowerApps/apis/shared_commondataserviceforapps"
                },
                "parameters": {
                  "organization": "https://genpagetesting.crm.dynamics.com",
                  "actionName": "ImportSolution",
                  "item/OverwriteUnmanagedCustomizations": false,
                  "item/PublishWorkflows": false,
                  "item/CustomizationFile": "@outputs('Perform_an_unbound_action')?['body/ExportSolutionFile']",
                  "item/ImportJobId": "@guid()",
                  "item/ConvertToManaged": false,
                  "item/SkipProductUpdateDependencies": false,
                  "item/HoldingSolution": false,
                  "item/SkipQueueRibbonJob": false,
                  "item/AsyncRibbonProcessing": false,
                  "item/IsTemplateMode": false,
                  "item/StageAndUpgrade": false,
                  "item/SchemaUpdatesOnly": false
                },
                "authentication": "@parameters('$authentication')",
                "retryPolicy": {
                  "type": "none"
                }
              }
            },
            "Update_a_row": {
              "runAfter": {
                "Perform_an_unbound_action_in_selected_environment": [
                  "Succeeded"
                ]
              },
              "metadata": {
                "operationMetadataId": "3f25cdfa-19f7-444b-bb61-002a8672ffde"
              },
              "type": "OpenApiConnection",
              "inputs": {
                "host": {
                  "connectionName": "shared_commondataserviceforapps",
                  "operationId": "UpdateOnlyRecord",
                  "apiId": "/providers/Microsoft.PowerApps/apis/shared_commondataserviceforapps"
                },
                "parameters": {
                  "entityName": "cr4f0_deployments",
                  "recordId": "@triggerOutputs()?['body/cr4f0_deploymentid']",
                  "item/statuscode": 810760002
                },
                "authentication": "@parameters('$authentication')"
              }
            },
            "HTTP": {
              "runAfter": {
                "HTTP_2": [
                  "Succeeded"
                ]
              },
              "metadata": {
                "operationMetadataId": "d25b9a3b-6de4-463a-a49d-8d7627993b46"
              },
              "type": "Http",
              "inputs": {
                "method": "PUT",
                "uri": "https://api.github.com/repos/CRM880240/CRMSolutions/contents/@{triggerOutputs()?['body/cr4f0_solutionname']}/@{concat(triggerOutputs()?['body/cr4f0_solutionname'],'.zip')}",
                "headers": {
                  "Authorization": "Bearer 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",
                  "User-Agent": "PowerAutomate"
                },
                "body": {
                  "message": "Upload via Power Automate",
                  "content": "@outputs('Perform_an_unbound_action')?['body/ExportSolutionFile']",
                  "sha": "@body('HTTP_2')?['sha']"
                }
              }
            },
            "HTTP_2": {
              "runAfter": {
                "Create_file": [
                  "Succeeded"
                ]
              },
              "metadata": {
                "operationMetadataId": "4dd310af-57c6-4f66-9ba9-4f11f282eed0"
              },
              "type": "Http",
              "inputs": {
                "method": "GET",
                "uri": "https://api.github.com/repos/CRM880240/CRMSolutions/contents/@{triggerOutputs()?['body/cr4f0_solutionname']}/@{concat(triggerOutputs()?['body/cr4f0_solutionname'],'.zip')}",
                "headers": {
                  "Authorization": "Bearer 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"
                }
              }
            }
          },
          "runAfter": {},
          "expression": {
            "equals": [
              "@triggerOutputs()?['body/statuscode']",
              810760001
            ]
          },
          "metadata": {
            "operationMetadataId": "011df72f-1fdc-4a9b-b494-13201f487af3"
          },
          "type": "If"
        }
      },
      "outputs": {}
    },
    "templateName": ""
  },
  "schemaVersion": "1.0.0.0"
}