{
  "properties": {
    "connectionReferences": {
      "shared_commondataserviceforapps": {
        "runtimeSource": "embedded",
        "connection": {
          "connectionReferenceLogicalName": "ey_sharedcommondataserviceforapps_6d3a2"
        },
        "api": {
          "name": "shared_commondataserviceforapps"
        }
      },
      "shared_office365": {
        "runtimeSource": "embedded",
        "connection": {
          "connectionReferenceLogicalName": "new_sharedoffice365_3bf18"
        },
        "api": {
          "name": "shared_office365"
        }
      }
    },
    "definition": {
      "$schema": "https://schema.management.azure.com/providers/Microsoft.Logic/schemas/2016-06-01/workflowdefinition.json#",
      "contentVersion": "undefined",
      "parameters": {
        "$connections": {
          "defaultValue": {},
          "type": "Object"
        },
        "$authentication": {
          "defaultValue": {},
          "type": "SecureObject"
        }
      },
      "triggers": {
        "Recurrence": {
          "recurrence": {
            "frequency": "Day",
            "interval": 1,
            "startTime": "2025-11-19T04:30:00Z"
          },
          "metadata": {
            "operationMetadataId": "171f43c1-b885-4edd-8744-e153c9a379aa"
          },
          "type": "Recurrence"
        }
      },
      "actions": {
        "List_rows": {
          "runAfter": {},
          "metadata": {
            "operationMetadataId": "052c8bf5-903d-4aa3-ae0e-91f09a72b3e6"
          },
          "type": "OpenApiConnection",
          "inputs": {
            "host": {
              "connectionName": "shared_commondataserviceforapps",
              "operationId": "ListRecords",
              "apiId": "/providers/Microsoft.PowerApps/apis/shared_commondataserviceforapps"
            },
            "parameters": {
              "entityName": "cr4f0_leavemanagements",
              "fetchXml": "<fetch version=\"1.0\" output-format=\"xml-platform\" mapping=\"logical\" distinct=\"false\">\n  <entity name=\"cr4f0_leavemanagement\">\n    <attribute name=\"cr4f0_leavemanagementid\" />\n    <attribute name=\"cr4f0_leavemanagement1\" />\n    <attribute name=\"createdon\" />\n    <attribute name=\"cr4f0_leavetype\" />\n    <attribute name=\"cr4f0_leavestatus\" />\n    <attribute name=\"cr4f0_leavesubmitted\" />\n    <attribute name=\"cr4f0_leavereason\" />\n    <attribute name=\"ownerid\" />\n    <order attribute=\"cr4f0_leavemanagement1\" descending=\"false\" />\n    <filter type=\"and\">\n      <condition attribute=\"statecode\" operator=\"eq\" value=\"0\" />\n    </filter>\n    <link-entity name=\"systemuser\" from=\"systemuserid\" to=\"owninguser\" link-type=\"inner\" alias=\"ac\"><attribute name=\"parentsystemuserid\" /><attribute name=\"firstname\" /><attribute name=\"internalemailaddress\" />\n      <filter type=\"and\">\n        <condition attribute=\"parentsystemuserid\" operator=\"eq-userid\" />\n      </filter>\n      <link-entity name=\"systemuser\" from=\"systemuserid\" to=\"parentsystemuserid\" link-type=\"inner\" alias=\"ad\" ><attribute name=\"parentsystemuserid\" /><attribute name=\"firstname\" /><attribute name=\"internalemailaddress\" />\n </link-entity>   </link-entity>\n  </entity>\n</fetch>"
            },
            "authentication": "@parameters('$authentication')"
          }
        },
        "Apply_to_each_2": {
          "foreach": "@outputs('List_rows')?['body/value']",
          "actions": {
            "Send_an_email_(V2)": {
              "runAfter": {},
              "metadata": {
                "operationMetadataId": "663f4a8c-299f-45b4-812d-c5ca1986dcbc"
              },
              "type": "OpenApiConnection",
              "inputs": {
                "host": {
                  "connectionName": "shared_office365",
                  "operationId": "SendEmailV2",
                  "apiId": "/providers/Microsoft.PowerApps/apis/shared_office365"
                },
                "parameters": {
                  "emailMessage/To": "@items('Apply_to_each_2')?['ad.internalemailaddress']",
                  "emailMessage/Subject": "Leave Approval pending",
                  "emailMessage/Body": "<p>Dear @{items('Apply_to_each_2')?['ad.firstname']},<br>\n<br>\nLeave apporval pending of @{items('Apply_to_each_2')?['ac.firstname']}</p>",
                  "emailMessage/Cc": "@items('Apply_to_each_2')?['ac.internalemailaddress']",
                  "emailMessage/Importance": "Normal"
                },
                "authentication": "@parameters('$authentication')"
              }
            }
          },
          "runAfter": {
            "List_rows": [
              "Succeeded"
            ]
          },
          "metadata": {
            "operationMetadataId": "d82965c5-1058-4a7c-8cbe-0f7a89dca24d"
          },
          "type": "Foreach"
        }
      }
    },
    "templateName": ""
  },
  "schemaVersion": "1.0.0.0"
}