{
  "properties": {
    "connectionReferences": {
      "shared_commondataserviceforapps": {
        "runtimeSource": "embedded",
        "connection": {
          "connectionReferenceLogicalName": "ey_sharedcommondataserviceforapps_6d3a2"
        },
        "api": {
          "name": "shared_commondataserviceforapps"
        }
      },
      "shared_office365": {
        "runtimeSource": "embedded",
        "connection": {
          "connectionReferenceLogicalName": "new_sharedoffice365_3bf18"
        },
        "api": {
          "name": "shared_office365"
        }
      }
    },
    "definition": {
      "$schema": "https://schema.management.azure.com/providers/Microsoft.Logic/schemas/2016-06-01/workflowdefinition.json#",
      "contentVersion": "1.0.0.0",
      "parameters": {
        "$connections": {
          "defaultValue": {},
          "type": "Object"
        },
        "$authentication": {
          "defaultValue": {},
          "type": "SecureObject"
        }
      },
      "triggers": {
        "When_a_row_is_added,_modified_or_deleted": {
          "metadata": {
            "operationMetadataId": "dcf410d1-1f2d-45a2-9146-cf67ecf57812"
          },
          "type": "OpenApiConnectionWebhook",
          "inputs": {
            "host": {
              "connectionName": "shared_commondataserviceforapps",
              "operationId": "SubscribeWebhookTrigger",
              "apiId": "/providers/Microsoft.PowerApps/apis/shared_commondataserviceforapps"
            },
            "parameters": {
              "subscriptionRequest/message": 1,
              "subscriptionRequest/entityname": "cr4f0_leavemanagement",
              "subscriptionRequest/scope": 4
            },
            "authentication": "@parameters('$authentication')"
          }
        }
      },
      "actions": {
        "Condition": {
          "actions": {
            "Update_a_row": {
              "runAfter": {},
              "metadata": {
                "operationMetadataId": "141f98a5-f1ba-4759-ba5e-97e0a23c22e0"
              },
              "type": "OpenApiConnection",
              "inputs": {
                "host": {
                  "connectionName": "shared_commondataserviceforapps",
                  "operationId": "UpdateOnlyRecord",
                  "apiId": "/providers/Microsoft.PowerApps/apis/shared_commondataserviceforapps"
                },
                "parameters": {
                  "entityName": "cr4f0_leavemanagements",
                  "recordId": "@triggerOutputs()?['body/cr4f0_leavemanagementid']",
                  "item/cr4f0_leavestatus": 810760001
                },
                "authentication": "@parameters('$authentication')"
              }
            },
            "Send_an_email_(V2)": {
              "runAfter": {
                "Get_record_owner_email": [
                  "Succeeded"
                ]
              },
              "metadata": {
                "operationMetadataId": "30d1551c-e23f-45f4-a3cc-6b62e5fba731"
              },
              "type": "OpenApiConnection",
              "inputs": {
                "host": {
                  "connectionName": "shared_office365",
                  "operationId": "SendEmailV2",
                  "apiId": "/providers/Microsoft.PowerApps/apis/shared_office365"
                },
                "parameters": {
                  "emailMessage/To": "@outputs('Get_record_owner_email')?['body/internalemailaddress']",
                  "emailMessage/Subject": "Leave as been apporoved",
                  "emailMessage/Body": "<p>Dear  ,<br>\n<br>\nLeave Requisition has been Deemed Approved.<br>\n<br>\nEmp Name : @{outputs('Get_record_owner_email')?['body/firstname']} @{outputs('Get_record_owner_email')?['body/lastname']}<br>\nLeave  Date : @{triggerOutputs()?['body/cr4f0_leavesubmitted']}<br>\nLeave Type : Sick Leave <br>\n<br>\nReason For Leave : @{triggerOutputs()?['body/cr4f0_leavereason']}<br>\n<br>\nYour leave has been deamed approved. <br>\n</p>",
                  "emailMessage/Cc": "@outputs('Get_record_owner_email')?['body/internalemailaddress']",
                  "emailMessage/Importance": "Normal"
                },
                "authentication": "@parameters('$authentication')"
              }
            },
            "Get_record_owner_email": {
              "runAfter": {
                "Update_a_row": [
                  "Succeeded"
                ]
              },
              "metadata": {
                "operationMetadataId": "8a5aa7cf-cce0-4336-b327-8c3950db931a"
              },
              "type": "OpenApiConnection",
              "inputs": {
                "host": {
                  "connectionName": "shared_commondataserviceforapps",
                  "operationId": "GetItem",
                  "apiId": "/providers/Microsoft.PowerApps/apis/shared_commondataserviceforapps"
                },
                "parameters": {
                  "entityName": "systemusers",
                  "recordId": "@triggerOutputs()?['body/_ownerid_value']",
                  "$select": "internalemailaddress, parentsystemuserid,firstname, lastname"
                },
                "authentication": "@parameters('$authentication')"
              }
            }
          },
          "runAfter": {},
          "expression": {
            "and": [
              {
                "equals": [
                  "@triggerOutputs()?['body/cr4f0_leavetype']",
                  810760000
                ]
              },
              {
                "equals": [
                  "@triggerOutputs()?['body/cr4f0_leavestatus']",
                  810760000
                ]
              }
            ]
          },
          "metadata": {
            "operationMetadataId": "99839434-9bc3-44b4-a258-453faa77cde3"
          },
          "type": "If",
          "description": "If leave type is sick"
        }
      }
    },
    "templateName": ""
  },
  "schemaVersion": "1.0.0.0"
}