<msdyn_planartifact msdyn_planartifactid="b900a676-7ac3-f011-bbd2-6045bd08b919">
  <iscustomizable>1</iscustomizable>
  <msdyn_artifactmetadataschemaversion>1.0</msdyn_artifactmetadataschemaversion>
  <msdyn_artifactstatus>419550000</msdyn_artifactstatus>
  <msdyn_description>EY-themed manager dashboard to review, approve, or reject leave requests, access leave history, and interact with the AI chatbot for quick insights.</msdyn_description>
  <msdyn_name>Manager Leave Dashboard</msdyn_name>
  <msdyn_proposal mimetype="application/octet-stream">content</msdyn_proposal>
  <msdyn_proposalschemaversion>1.0</msdyn_proposalschemaversion>
  <msdyn_type>PowerAppsCanvasApp</msdyn_type>
  <statecode>0</statecode>
  <statuscode>1</statuscode>
</msdyn_planartifact>