<ImportExportXml version="9.2.25103.175" SolutionPackageVersion="9.2" languagecode="1033" generatedBy="CrmLive" xmlns:xsi="http://www.w3.org/2001/XMLSchema-instance" OrganizationVersion="9.2.25103.175" OrganizationSchemaType="Full" CRMServerServiceabilityVersion="9.2.25103.00175">
  <SolutionManifest>
    <UniqueName>EYLeaveManagement</UniqueName>
    <LocalizedNames>
      <LocalizedName description="EY Leave Management" languagecode="1033" />
    </LocalizedNames>
    <Descriptions />
    <Version>1.0.0.2</Version>
    <Managed>1</Managed>
    <Publisher>
      <UniqueName>Cra4c44</UniqueName>
      <LocalizedNames>
        <LocalizedName description="CDS Default Publisher" languagecode="1033" />
      </LocalizedNames>
      <Descriptions />
      <EMailAddress xsi:nil="true"></EMailAddress>
      <SupportingWebsiteUrl xsi:nil="true"></SupportingWebsiteUrl>
      <CustomizationPrefix>cr4f0</CustomizationPrefix>
      <CustomizationOptionValuePrefix>81076</CustomizationOptionValuePrefix>
      <Addresses>
        <Address>
          <AddressNumber>1</AddressNumber>
          <AddressTypeCode xsi:nil="true"></AddressTypeCode>
          <City xsi:nil="true"></City>
          <County xsi:nil="true"></County>
          <Country xsi:nil="true"></Country>
          <Fax xsi:nil="true"></Fax>
          <FreightTermsCode xsi:nil="true"></FreightTermsCode>
          <ImportSequenceNumber xsi:nil="true"></ImportSequenceNumber>
          <Latitude xsi:nil="true"></Latitude>
          <Line1 xsi:nil="true"></Line1>
          <Line2 xsi:nil="true"></Line2>
          <Line3 xsi:nil="true"></Line3>
          <Longitude xsi:nil="true"></Longitude>
          <Name xsi:nil="true"></Name>
          <PostalCode xsi:nil="true"></PostalCode>
          <PostOfficeBox xsi:nil="true"></PostOfficeBox>
          <PrimaryContactName xsi:nil="true"></PrimaryContactName>
          <ShippingMethodCode xsi:nil="true"></ShippingMethodCode>
          <StateOrProvince xsi:nil="true"></StateOrProvince>
          <Telephone1 xsi:nil="true"></Telephone1>
          <Telephone2 xsi:nil="true"></Telephone2>
          <Telephone3 xsi:nil="true"></Telephone3>
          <TimeZoneRuleVersionNumber xsi:nil="true"></TimeZoneRuleVersionNumber>
          <UPSZone xsi:nil="true"></UPSZone>
          <UTCOffset xsi:nil="true"></UTCOffset>
          <UTCConversionTimeZoneCode xsi:nil="true"></UTCConversionTimeZoneCode>
        </Address>
        <Address>
          <AddressNumber>2</AddressNumber>
          <AddressTypeCode xsi:nil="true"></AddressTypeCode>
          <City xsi:nil="true"></City>
          <County xsi:nil="true"></County>
          <Country xsi:nil="true"></Country>
          <Fax xsi:nil="true"></Fax>
          <FreightTermsCode xsi:nil="true"></FreightTermsCode>
          <ImportSequenceNumber xsi:nil="true"></ImportSequenceNumber>
          <Latitude xsi:nil="true"></Latitude>
          <Line1 xsi:nil="true"></Line1>
          <Line2 xsi:nil="true"></Line2>
          <Line3 xsi:nil="true"></Line3>
          <Longitude xsi:nil="true"></Longitude>
          <Name xsi:nil="true"></Name>
          <PostalCode xsi:nil="true"></PostalCode>
          <PostOfficeBox xsi:nil="true"></PostOfficeBox>
          <PrimaryContactName xsi:nil="true"></PrimaryContactName>
          <ShippingMethodCode xsi:nil="true"></ShippingMethodCode>
          <StateOrProvince xsi:nil="true"></StateOrProvince>
          <Telephone1 xsi:nil="true"></Telephone1>
          <Telephone2 xsi:nil="true"></Telephone2>
          <Telephone3 xsi:nil="true"></Telephone3>
          <TimeZoneRuleVersionNumber xsi:nil="true"></TimeZoneRuleVersionNumber>
          <UPSZone xsi:nil="true"></UPSZone>
          <UTCOffset xsi:nil="true"></UTCOffset>
          <UTCConversionTimeZoneCode xsi:nil="true"></UTCConversionTimeZoneCode>
        </Address>
      </Addresses>
    </Publisher>
    <RootComponents>
      <RootComponent type="1" schemaName="cr4f0_deployment" behavior="0" />
      <RootComponent type="1" schemaName="cr4f0_leavemanagement" behavior="0" />
      <RootComponent type="20" id="{7bbf8e7e-7ec3-f011-bbd3-7ced8d6f3bf2}" behavior="0" />
      <RootComponent type="20" id="{cc983aac-7ec3-f011-bbd3-7ced8d6f3bf2}" behavior="0" />
      <RootComponent type="29" id="{50a51cfe-04c5-f011-bbd2-002248089262}" behavior="0" />
      <RootComponent type="29" id="{7cec8265-4ec5-f011-bbd2-00224802ff80}" behavior="0" />
      <RootComponent type="29" id="{89c9716a-71c4-f011-bbd2-002248089262}" behavior="0" />
      <RootComponent type="29" id="{da528508-10c5-f011-bbd3-7ced8d6f3bf2}" behavior="0" />
      <RootComponent type="62" schemaName="cr4f0_EYLeaveManagementApp" behavior="0" />
      <RootComponent type="80" schemaName="cr4f0_EYLeaveManagementApp" behavior="0" />
    </RootComponents>
    <MissingDependencies>
      <MissingDependency>
        <Required type="61" schemaName="msdyn_/Images/AppModule_Default_Icon.png" displayName="msdyn_/Images/AppModule_Default_Icon.png" solution="AppModuleWebResources (2.5)">
          <package appName="AppModule Web Resources Package" version="2.5">AppModuleWebResources (2.5)</package>
        </Required>
        <Dependent type="80" schemaName="cr4f0_EYLeaveManagementApp" displayName="EY Leave Management App" />
      </MissingDependency>
      <MissingDependency>
        <Required type="botcomponentcollection" displayName="bot_componentcollection_appcopilot_v1" solution="msdyn_AppCopilotPVABotComponentCollection (9.1.2025105.251028179)" id.schemaname="bot_componentcollection_appcopilot_v1">
          <package appName="PowerAppsAppCopilotPVABotApp Package" version="9.1.2025105.251028179">msdyn_AppCopilotPVABotComponentCollection (9.1.2025105.251028179)</package>
        </Required>
        <Dependent type="bot_botcomponentcollection" displayName="botcomponentcollectionid.schemaname=bot_componentcollection_appcopilot_v1,botid.schemaname=cr4f0_bot686100" id.botcomponentcollectionid.schemaname="bot_componentcollection_appcopilot_v1" id.botid.schemaname="cr4f0_bot686100" />
      </MissingDependency>
      <MissingDependency>
        <Required type="SettingDefinition" displayName="AppChannel" solution="msdyn_AppFrameworkInfraExtensions (1.0.0.15)" id.uniquename="AppChannel">
          <package appName="PowerAppsAppFramework Package" version="1.0.0.23">PowerAppsAppFramework_Anchor (1.0.0.23)</package>
        </Required>
        <Dependent type="AppSetting" displayName="parentappmoduleid.uniquename=cr4f0_EYLeaveManagementApp,settingdefinitionid.uniquename=AppChannel" id.parentappmoduleid.uniquename="cr4f0_EYLeaveManagementApp" id.settingdefinitionid.uniquename="AppChannel" />
      </MissingDependency>
    </MissingDependencies>
  </SolutionManifest>
</ImportExportXml>